element_library,object_kind,name,icon_key,icon_path,notes
ariel,SubComponent,frontend.epa,ELF_binary_loader,ELF_binary_loader.png,
ariel,SubComponent,MemoryManagerMalloc,mem_alloc,mem_alloc.png,need to create
ariel,SubComponent,MemoryManagerSimple,mmu,mmu.png,
cacheTracer,Component,cacheTracer,cache_memory_tracer,cache_memory_tracer.png,
cassini,SubComponent,AddressHistogrammer,addr_hist,addr_hist.png,
cassini,SubComponent,AddrHistogrammer,addr_hist,addr_hist.png,Updated to match AddressHistogrammer mapping.
cassini,SubComponent,cacheLineTrack,cache_line_trace,cache_line_trace.png,need to create
cassini,SubComponent,NextBlockPrefetcher,block_prefetcher,block_prefetcher.png,need to create
cassini,SubComponent,StridePrefetcher,stride_prefetcher,stride_prefetcher.png,need to create
cramSim,SubComponent,c_AddressHasher,addr_hash,addr_hash.png,Responsible for physical address mapping and channel interleaving.
cramSim,SubComponent,c_CmdScheduler,mem_op_scheduler,mem_op_scheduler.png,Manages the ordering of low-level DRAM commands ready for issuance.
cramSim,Component,c_Controller,mem_controller,mem_controller.png,"The Memory Controller receives the physical address, determines the specific DRAM bank/row/column, and issues the necessary commands to retrieve or store the data."
cramSim,SubComponent,c_DeviceDriver,mem_driver,mem_driver.png,Interface to the specific memory technology model.
cramSim,Component,c_MemhBridge,noc_bridge,noc_bridge.png,
cramSim,Component,c_TraceFileReader,trace_reader,trace_reader.png,
cramSim,SubComponent,c_TxnConverter,mem_op_to_command,mem_op_to_command.png,Transaction-to-command translator.
cramSim,Component,c_TxnDispatcher,mem_trace_injector,mem_trace_injector.png,Trace Dispatcher reads external memory access trace files and injects them into the simulation as memory requests.
cramSim,Component,c_TxnGen,generator,generator.png,
cramSim,SubComponent,c_TxnScheduler,mem_op_scheduler,mem_op_scheduler.png,Manages ordering of high-level transactions before conversion to commands.
ember,SubComponent,3DAMRMotif,comm_pattern,comm_pattern.png,Models an adaptive refinement step from MiniAMR
ember,SubComponent,AllPingPongMotif,comm_pattern,comm_pattern.png,Performs a All Ping Pong Motif
ember,SubComponent,AllgatherMotif,comm_pattern,comm_pattern.png,Performs a Allgather operation with type set to float64 and operation SUM
ember,SubComponent,AllgathervMotif,comm_pattern,comm_pattern.png,Performs a Allgatherv operation with type set to float64 and operation SUM
ember,SubComponent,AllreduceMotif,comm_pattern,comm_pattern.png,
ember,SubComponent,AlltoallMotif,comm_pattern,comm_pattern.png,
ember,SubComponent,AlltoallvMotif,comm_pattern,comm_pattern.png,
ember,SubComponent,BFSMotif,comm_pattern,comm_pattern.png,
ember,SubComponent,BarrierMotif,comm_pattern,comm_pattern.png,
ember,SubComponent,BcastMotif,comm_pattern,comm_pattern.png,
ember,SubComponent,BiPingPongMotif,comm_pattern,comm_pattern.png,
ember,SubComponent,CMT1DMotif,comm_pattern,comm_pattern.png,
ember,SubComponent,CMT2DMotif,comm_pattern,comm_pattern.png,
ember,SubComponent,CMT3DMotif,comm_pattern,comm_pattern.png,
ember,SubComponent,CMTCRMotif,comm_pattern,comm_pattern.png,
ember,SubComponent,CommDoubleMotif,comm_pattern,comm_pattern.png,
ember,SubComponent,CommMotif,comm_pattern,comm_pattern.png,
ember,SubComponent,DetailedRingMotif,comm_pattern,comm_pattern.png,
ember,SubComponent,DetailedStreamMotif,comm_pattern,comm_pattern.png,
ember,SubComponent,FFT3DMotif,comm_pattern,comm_pattern.png,
ember,SubComponent,FiniMotif,comm_pattern,comm_pattern.png,
ember,SubComponent,Halo2DMotif,comm_pattern,comm_pattern.png,
ember,SubComponent,Halo2DNBRMotif,comm_pattern,comm_pattern.png,
ember,SubComponent,Halo3D26Motif,comm_pattern,comm_pattern.png,
ember,SubComponent,Halo3DMotif,comm_pattern,comm_pattern.png,
ember,SubComponent,Halo3DSVMotif,comm_pattern,comm_pattern.png,
ember,SubComponent,HotSpotsMotif,comm_pattern,comm_pattern.png,
ember,SubComponent,IncastMotif,comm_pattern,comm_pattern.png,
ember,SubComponent,InitMotif,comm_pattern,comm_pattern.png,
ember,SubComponent,LQCDMotif,comm_pattern,comm_pattern.png,
ember,SubComponent,MsgRateMotif,comm_pattern,comm_pattern.png,
ember,SubComponent,NASLUMotif,comm_pattern,comm_pattern.png,
ember,SubComponent,NtoMMotif,comm_pattern,comm_pattern.png,
ember,SubComponent,NullMotif,comm_pattern,comm_pattern.png,
ember,SubComponent,PingPongMotif,comm_pattern,comm_pattern.png,
ember,SubComponent,RandomMotif,comm_pattern,comm_pattern.png,
ember,SubComponent,ReduceMotif,comm_pattern,comm_pattern.png,
ember,SubComponent,RingMotif,comm_pattern,comm_pattern.png,
ember,SubComponent,SIRIUSTraceMotif,comm_pattern,comm_pattern.png,
ember,SubComponent,ScatterMotif,comm_pattern,comm_pattern.png,
ember,SubComponent,ScattervMotif,comm_pattern,comm_pattern.png,
ember,SubComponent,SendrecvMotif,comm_pattern,comm_pattern.png,
ember,SubComponent,ShmemAddDoubleMotif,comm_pattern,comm_pattern.png,
ember,SubComponent,ShmemAddFloatMotif,comm_pattern,comm_pattern.png,
ember,SubComponent,ShmemAddIntMotif,comm_pattern,comm_pattern.png,
ember,SubComponent,ShmemAddLongMotif,comm_pattern,comm_pattern.png,
ember,SubComponent,ShmemAlltoall32Motif,comm_pattern,comm_pattern.png,
ember,SubComponent,ShmemAlltoall64Motif,comm_pattern,comm_pattern.png,
ember,SubComponent,ShmemAlltoalls32Motif,comm_pattern,comm_pattern.png,
ember,SubComponent,ShmemAlltoalls64Motif,comm_pattern,comm_pattern.png,
ember,SubComponent,ShmemAtomicIncIntMotif,comm_pattern,comm_pattern.png,
ember,SubComponent,ShmemAtomicIncLongMotif,comm_pattern,comm_pattern.png,
ember,SubComponent,ShmemAtomicIncV2IntMotif,comm_pattern,comm_pattern.png,
ember,SubComponent,ShmemAtomicIncV2LongMotif,comm_pattern,comm_pattern.png,
ember,SubComponent,ShmemBarrierAllMotif,comm_pattern,comm_pattern.png,
ember,SubComponent,ShmemBarrierMotif,comm_pattern,comm_pattern.png,
ember,SubComponent,ShmemBroadcast32Motif,comm_pattern,comm_pattern.png,
ember,SubComponent,ShmemBroadcast64Motif,comm_pattern,comm_pattern.png,
ember,SubComponent,ShmemCollect32Motif,comm_pattern,comm_pattern.png,
ember,SubComponent,ShmemCollect64Motif,comm_pattern,comm_pattern.png,
ember,SubComponent,ShmemCswapDoubleMotif,comm_pattern,comm_pattern.png,
ember,SubComponent,ShmemCswapFloatMotif,comm_pattern,comm_pattern.png,
ember,SubComponent,ShmemCswapIntMotif,comm_pattern,comm_pattern.png,
ember,SubComponent,ShmemCswapLongMotif,comm_pattern,comm_pattern.png,
ember,SubComponent,ShmemFAM_AtomicIncIntMotif,comm_pattern,comm_pattern.png,
ember,SubComponent,ShmemFAM_AtomicIncLongMotif,comm_pattern,comm_pattern.png,
ember,SubComponent,ShmemFAM_CswapIntMotif,comm_pattern,comm_pattern.png,
ember,SubComponent,ShmemFAM_CswapLongMotif,comm_pattern,comm_pattern.png,
ember,SubComponent,ShmemFAM_GathervMotif,comm_pattern,comm_pattern.png,
ember,SubComponent,ShmemFAM_Get2Motif,comm_pattern,comm_pattern.png,
ember,SubComponent,ShmemFAM_PutMotif,comm_pattern,comm_pattern.png,
ember,SubComponent,ShmemFAM_ScattervMotif,comm_pattern,comm_pattern.png,
ember,SubComponent,ShmemFaddDoubleMotif,comm_pattern,comm_pattern.png,
ember,SubComponent,ShmemFaddFloatMotif,comm_pattern,comm_pattern.png,
ember,SubComponent,ShmemFaddIntMotif,comm_pattern,comm_pattern.png,
ember,SubComponent,ShmemFaddLongMotif,comm_pattern,comm_pattern.png,
ember,SubComponent,ShmemFcollect32Motif,comm_pattern,comm_pattern.png,
ember,SubComponent,ShmemFcollect64Motif,comm_pattern,comm_pattern.png,
ember,SubComponent,ShmemGetDoubleMotif,comm_pattern,comm_pattern.png,
ember,SubComponent,ShmemGetFloatMotif,comm_pattern,comm_pattern.png,
ember,SubComponent,ShmemGetIntMotif,comm_pattern,comm_pattern.png,
ember,SubComponent,ShmemGetLongMotif,comm_pattern,comm_pattern.png,
ember,SubComponent,ShmemGetNBIDoubleMotif,comm_pattern,comm_pattern.png,
ember,SubComponent,ShmemGetNBIFloatMotif,comm_pattern,comm_pattern.png,
ember,SubComponent,ShmemGetNBIIntMotif,comm_pattern,comm_pattern.png,
ember,SubComponent,ShmemGetNBILongMotif,comm_pattern,comm_pattern.png,
ember,SubComponent,ShmemGetvDoubleMotif,comm_pattern,comm_pattern.png,
ember,SubComponent,ShmemGetvFloatMotif,comm_pattern,comm_pattern.png,
ember,SubComponent,ShmemGetvIntMotif,comm_pattern,comm_pattern.png,
ember,SubComponent,ShmemGetvLongMotif,comm_pattern,comm_pattern.png,
ember,SubComponent,ShmemHotAtomicIncIntMotif,comm_pattern,comm_pattern.png,
ember,SubComponent,ShmemHotAtomicIncLongMotif,comm_pattern,comm_pattern.png,
ember,SubComponent,ShmemHotAtomicIncV2IntMotif,comm_pattern,comm_pattern.png,
ember,SubComponent,ShmemHotAtomicIncV2LongMotif,comm_pattern,comm_pattern.png,
ember,SubComponent,ShmemNSAtomicIncIntMotif,comm_pattern,comm_pattern.png,
ember,SubComponent,ShmemNSAtomicIncV2IntMotif,comm_pattern,comm_pattern.png,
ember,SubComponent,ShmemPutDoubleMotif,comm_pattern,comm_pattern.png,
ember,SubComponent,ShmemPutFloatMotif,comm_pattern,comm_pattern.png,
ember,SubComponent,ShmemPutIntMotif,comm_pattern,comm_pattern.png,
ember,SubComponent,ShmemPutLongMotif,comm_pattern,comm_pattern.png,
ember,SubComponent,ShmemPutvDoubleMotif,comm_pattern,comm_pattern.png,
ember,SubComponent,ShmemPutvFloatMotif,comm_pattern,comm_pattern.png,
ember,SubComponent,ShmemPutvIntMotif,comm_pattern,comm_pattern.png,
ember,SubComponent,ShmemPutvLongMotif,comm_pattern,comm_pattern.png,
ember,SubComponent,ShmemReductionDoubleMotif,comm_pattern,comm_pattern.png,
ember,SubComponent,ShmemReductionFloatMotif,comm_pattern,comm_pattern.png,
ember,SubComponent,ShmemReductionIntMotif,comm_pattern,comm_pattern.png,
ember,SubComponent,ShmemReductionLongLongMotif,comm_pattern,comm_pattern.png,
ember,SubComponent,ShmemReductionLongMotif,comm_pattern,comm_pattern.png,
ember,SubComponent,ShmemRing2IntMotif,comm_pattern,comm_pattern.png,
ember,SubComponent,ShmemRingIntMotif,comm_pattern,comm_pattern.png,
ember,SubComponent,ShmemSwapIntMotif,comm_pattern,comm_pattern.png,
ember,SubComponent,ShmemSwapLongMotif,comm_pattern,comm_pattern.png,
ember,SubComponent,ShmemTestMotif,comm_pattern,comm_pattern.png,
ember,SubComponent,ShmemWaitIntMotif,comm_pattern,comm_pattern.png,
ember,SubComponent,ShmemWaitLongMotif,comm_pattern,comm_pattern.png,
ember,SubComponent,ShmemWaitUntilIntMotif,comm_pattern,comm_pattern.png,
ember,SubComponent,ShmemWaitUntilLongMotif,comm_pattern,comm_pattern.png,
ember,SubComponent,StopMotif,comm_pattern,comm_pattern.png,
ember,SubComponent,Sweep2DMotif,comm_pattern,comm_pattern.png,
ember,SubComponent,Sweep3DMotif,comm_pattern,comm_pattern.png,
ember,SubComponent,TestMotif,comm_pattern,comm_pattern.png,
ember,SubComponent,TestanyMotif,comm_pattern,comm_pattern.png,
ember,SubComponent,TrafficGenMotif,comm_pattern,comm_pattern.png,
ember,SubComponent,TriCountMotif,comm_pattern,comm_pattern.png,
ember,SubComponent,UnstructuredMotif,comm_pattern,comm_pattern.png,
ember,SubComponent,WaitanyMotif,comm_pattern,comm_pattern.png,
firefly,Component,loopBack,loopback,loopback.png,
firefly,SubComponent,ctrlMsg,net_ctrl,net_ctrl.png,"Handles setup/teardown of communication channels, connection management, and control messages before data transfer."
firefly,SubComponent,ctrlMsgMemory,net_ctrlMsg_mem,net_ctrlMsg_mem.png,Sets TX/RX mem copy modules and memory region pin delays/page size for control messages.
firefly,SubComponent,ctrlMsgProto,net_ctrlMsg_mem,net_ctrlMsg_mem.png,
firefly,SubComponent,detailedinterface,memory_operations,memory_operations.png,Sets max pending loads/stores and frequency.
firefly,SubComponent,functionSM,net_op_sate_machine,net_op_sate_machine.png,"State machine for collective and point-to-point operations such as Send, Recv, Allreduce, and Barrier."
firefly,SubComponent,hades,os_interface,os_interface.png,Central operating system subcomponent hosting the network stack and managing system resources for MPI/SHMEM communication system calls.
firefly,SubComponent,hadesMisc,generic_component,generic_component.png,
firefly,SubComponent,hadesMP,mpi_syscall,mpi_syscall.png,Sets function enter/return latencies for hades OS kernel call events.
firefly,SubComponent,hadesSHMEM,shmem_syscall,shmem_syscall.png,Sets SHMEM enter/return latencies and blocked-response return latency.
firefly,SubComponent,loopback,loopback,loopback.png,need to create
firefly,SubComponent,msgTiming,network_timing,network_timing.png,"Calculates TX/RX setup, post, and finish latencies."
firefly,SubComponent,SimpleMemory,nic_mem,nic_mem.png,Governs NIC interaction with host/NIC memory for MPI/SHMEM network communication.
gensa,Component,core,neuromorphic_cpu,neuromorphic_cpu.png,General-purpose neuromorphic processor core using LIF dynamics and spike messages.
golem,SubComponent,MVMIntArray,pim,pim.png,Compute array using manual MVM with integer representation.
golem,SubComponent,RoCCAnalogFloat,RoCC_accel,RoCC_accel.png,"RoCC accelerator interface for the analog core, float version."
golem,SubComponent,RoCCAnalogInt,RoCC_accel,RoCC_accel.png,"RoCC accelerator interface for the analog core, integer version."
hg,SubComponent,nic,nic,nic.png,
hg,Component,Node,node,node.png,
hg,Component,NodeCL,compute_node,compute_node.png,hg Node including ComputeLibrary.
hg,SubComponent,OperatingSystem,operating_system,operating_system.png,need to create
hg,SubComponent,OperatingSystemCL,operating_system,operating_system.png,
kingsley,SubComponent,linkcontrol,net_ctrlMsg,net_ctrlMsg.png,
memHierarchy,Component,CoherentMemController,mem_controller,mem_controller.png,
memHierarchy,SubComponent,emptyCacheListner,memory_traffic_listener,memory_traffic_listener.png,Listens on connections/ports for memory traffic.
memHierarchy,SubComponent,extMemBackendConverter,event_converter,event_converter.png,Converts memory events for use with other components/element libraries.
memHierarchy,SubComponent,fifoTransactionQ,FIFO_queue,FIFO_queue.png,
memHierarchy,SubComponent,flagMemBackEndConverter,event_converter,event_converter.png,
memHierarchy,SubComponent,hash.linear,addr_hash,addr_hash.png,
memHierarchy,SubComponent,hash.none,addr_hash,addr_hash.png,
memHierarchy,SubComponent,hash.xor,addr_hash,addr_hash.png,
memHierarchy,Component,MemCacheController,mem_timing,mem_timing.png,Interfaces between CPU/cache and actual memory backend for timing memory operations/transactions.
memHierarchy,Component,MemController,mem_controller,mem_controller.png,
memHierarchy,SubComponent,MemLink,memory_link,memory_link.png,Allows components to connect to a memory component/subcomponent when they do not already have their own memory link port or subcomponent slot.
memHierarchy,SubComponent,Messier,mem_timing,mem_timing.png,
memHierarchy,Component,mmioEx,generator,generator.png,
memHierarchy,Component,multithreadL1,thread_aggregator,thread_aggregator.png,Shows memory traffic from multiple threads joining into a single stream.
memHierarchy,SubComponent,networkMemoryInspector,traffic_classifier,traffic_classifier.png,Classifies network traffic as it goes through a network router.
memHierarchy,SubComponent,reorderByRow,traffic_reorder,traffic_reorder.png,Reorders buffered transactions/requests by criteria.
memHierarchy,SubComponent,reorderSimple,traffic_reorder,traffic_reorder.png,
memHierarchy,SubComponent,reorderTransactionQ,traffic_reorder,traffic_reorder.png,
memHierarchy,SubComponent,replacement.lfu,memory_replacement_protocol,memory_replacement_protocol.png,
memHierarchy,SubComponent,replacement.lfu-opt,memory_replacement_protocol,memory_replacement_protocol.png,
memHierarchy,SubComponent,replacement.lru,memory_replacement_protocol,memory_replacement_protocol.png,
memHierarchy,SubComponent,replacement.lru-opt,memory_replacement_protocol,memory_replacement_protocol.png,
memHierarchy,SubComponent,replacement.mru,memory_replacement_protocol,memory_replacement_protocol.png,
memHierarchy,SubComponent,replacement.mru-opt,memory_replacement_protocol,memory_replacement_protocol.png,
memHierarchy,SubComponent,replacement.nmru,memory_replacement_protocol,memory_replacement_protocol.png,
memHierarchy,SubComponent,replacement.random,memory_replacement_protocol,memory_replacement_protocol.png,
memHierarchy,Component,ScratchCPU,cpu1,cpu1.png,
memHierarchy,SubComponent,simpleMem,mem_backend,mem_backend.png,"Simple constant-time memory model/placeholder for memory interactions, not specifically DRAM or cache."
memHierarchy,SubComponent,simpleMemBackendConverter,event_converter,event_converter.png,
memHierarchy,SubComponent,simpleMemScratchBackendConverter,event_converter,event_converter.png,
memHierarchy,SubComponent,SimplePagePolicy,paging_policy,paging_policy.png,need to create
memHierarchy,SubComponent,standardInterface,memory_link,memory_link.png,
memHierarchy,SubComponent,timeoutPagePolicy,paging_policy,paging_policy.png,
memHierarchy,SubComponent,timingDRAM,mem_timing,mem_timing.png,
memHierarchy,SubComponent,vaultsim,vaulted_mem_backend,vaulted_mem_backend.png,Backend to vaultsim vaulted memory model.
merlin,Component,background_traffic,network_traffic,network_traffic.png,"Shows traffic entering, exiting, and routing through the network."
merlin,Component,bisection_test,bisection_nic,bisection_nic.png,NIC interface used to test/evaluate bisection bandwidth across a network.
merlin,SubComponent,dragonfly,net_top_dragonfly,net_top_dragonfly.png,
merlin,SubComponent,fattree,net_top_fattree,net_top_fattree.svg,
merlin,Component,hr_router,router,router.png,"Network router with router-to-router ports, endpoint ports, and topology subcomponents."
merlin,SubComponent,hyperx,net_top_hyperx,net_top_hyperx.png,
merlin,SubComponent,linkcontrol,net_linkCtrl,net_linkCtrl.png,
merlin,SubComponent,mesh,net_top_mesh,net_top_mesh.png,
merlin,SubComponent,polarfly,net_top_polarfly,net_top_polarfly.png,
merlin,SubComponent,polarstar,net_top_polarstar,net_top_polarstar.png,
merlin,SubComponent,portcontrol,net_portCtrl,net_portCtrl.png,
merlin,Component,pt2pt_test,point_to_point,point_to_point.png,Point-to-point network connection component for evaluating endpoint interconnections.
merlin,SubComponent,reorderlinkcontrol,reorder_linkCtrl,reorder_linkCtrl.png,
merlin,Component,route_test,routing,routing.png,Component used to evaluate how the modeled network routes traffic.
merlin,Component,simple_patterns.empty,network_traffic,network_traffic.png,
merlin,Component,simple_patterns.incast,network_traffic,network_traffic.png,
merlin,SubComponent,singlerouter,single_router,single_router.png,
merlin,SubComponent,targetgen.bin_complement,bitcomplement_endpoint_generator,bitcomplement_endpoint_generator.png,
merlin,SubComponent,targetgen.shift,shifted_endpoint_generator,shifted_endpoint_generator.png,
merlin,SubComponent,targetgen.uniform,uniform_endpoint_generator,uniform_endpoint_generator.png,
merlin,SubComponent,test_network_inspector,traffic_classifier,traffic_classifier.png,
merlin,SubComponent,torus,net_top_torus,net_top_torus.png,
merlin,SubComponent,traffic_pattern,network_traffic,network_traffic.png,
merlin,SubComponent,xbar_arb_age,crossbar_arb_age,crossbar_arb_age.png,
merlin,SubComponent,xbar_arb_lru,crossbar_arb_lru,crossbar_arb_lru.png,
merlin,SubComponent,xbar_arb_lru_infx,crossbar_arb_lruInfx,crossbar_arb_lruInfx.png,
merlin,SubComponent,xbar_arb_rand,crossbar_arb_rand,crossbar_arb_rand.png,
merlin,SubComponent,xbar_arb_rr,crossbar_arb_rr,crossbar_arb_rr.png,
Miranda,Component,BaseCPU,cpu1,cpu1.png,
Miranda,SubComponent,CopyGenerator,generator,generator.png,
Miranda,SubComponent,EmptyGenerator,generator,generator.png,
Miranda,SubComponent,InOrderSTREAMBenchGenerator,generator,generator.png,
Miranda,SubComponent,RandomGenerator,generator,generator.png,
Miranda,SubComponent,ReverseSingleStreamGenerator,generator,generator.png,
Miranda,SubComponent,SingleStreamGenerator,generator,generator.png,
Miranda,SubComponent,SPMVGenerator,generator,generator.png,
Miranda,SubComponent,Stencil3DBenchGenerator,generator,generator.png,
Miranda,SubComponent,STREAMBenchGeneratorCustomCmd,generator,generator.png,
Miranda,SubComponent,STREAMBenchGnerator,generator,generator.png,
opal,SubComponent,MemoryManagerOpal,mem_alloc,mem_alloc.png,
opal,Component,opal,mmu,mmu.png,
opal,SubComponent,OpalMemNic,RDMA_NIC,RDMA_NIC.png,
opal,SubComponent,PageFaultHandler,pagefault_handler,pagefault_handler.png,
prospero,SubComponent,ProsperoBinaryTraceReader,mem_trace_binary,mem_trace_binary.png,Reads memory traces saved as a binary file.
prospero,SubComponent,ProsperoCompressedBinaryTraceReader,mem_trace_compressed_binary,mem_trace_compressed_binary.png,Reads memory traces saved as a compressed binary file.
prospero,Component,prosperoCPU,mem_trace_cpu,mem_trace_cpu.png,Memory trace replay engine.
prospero,SubComponent,ProsperoTextTraceReader,mem_trace_textFile,mem_trace_textFile.png,Reads memory traces saved as a text file.
rtlcomponent,Component,Rtlmodel,RTL_component,RTL_component.png,
serrano,Component,Serrano,cgra,cgra.png,
serrano,SubComponent,SerranoBasicUnit,cgra_functional_unit,cgra_functional_unit.png,
serrano,SubComponent,SerranoIteratorUnit,cgra_iterator,cgra_iterator.png,
serrano,SubComponent,SerranoPrinterUnit,cgra_val_output,cgra_val_output.png,
shogun,SubComponent,ShogunNIC,nic,nic.png,
Thornhill,Component,MemoryHeap,heap,heap.png,
Thornhill,SubComponent,SingleThread,thread,thread.png,
vanadis,Component,core,cpu1,cpu1.png,
vanadis,SubComponent,VanadisBasicBranchUnit,branch_unit,branch_unit.png,
vanadis,SubComponent,VanadisBasicLoadStoreQueue,memory_load_store_queue,memory_load_store_queue.png,
vanadis,SubComponent,VanadisMIPSHandler,MIPS_handler,MIPS_handler.png,
vanadis,SubComponent,VanadisMPISDecoder,MIPS_decoder,MIPS_decoder.png,
vanadis,Component,VanadisNodeOS,operating_system,operating_system.png,
vanadis,SubComponent,VanadisRISCV64,RISC-V_decoder,RISC-V_decoder.png,
vanadis,SubComponent,VanadisRISCV64OSHandler,RISC-V_handler,RISC-V_handler.png,
vanadis,SubComponent,VanadisRoCCBasic,RoCC_accel,RoCC_accel.png,
vaultsim,Component,cpu,cpu1,cpu1.png,
vaultsim,Component,logicLayer,vaulted_mem_backend,vaulted_mem_backend.png,
vaultsim,Component,vaultsim,vaulted_mem_backend,vaulted_mem_backend.png,
zodiac,Component,ZodiacSiriusTraceReader,mpi_network_traffic_injector,mpi_network_traffic_injector.png,
